{
    "domain": "yieldify.com",
    "owner": {
        "name": "Yieldify",
        "displayName": "Yieldify"
    },
    "source": [
        "DuckDuckGo-AU"
    ],
    "prevalence": 0.00312,
    "sites": 31,
    "subdomains": [
        "td",
        "v2.dc",
        "edge",
        "custom"
    ],
    "cnames": [],
    "fingerprinting": 2,
    "resources": [
        {
            "rule": "yieldify\\.com\\/yieldify\\/code\\.js",
            "cookies": 0.00211,
            "fingerprinting": 2,
            "subdomains": [
                "td"
            ],
            "apis": {
                "Navigator.prototype.appVersion": 23,
                "Document.cookie getter": 23,
                "window.localStorage": 23,
                "window.sessionStorage": 23,
                "window.devicePixelRatio": 23,
                "window.name": 23,
                "Navigator.prototype.userAgent": 23,
                "Navigator.prototype.platform": 23,
                "URL.createObjectURL": 22,
                "Date.prototype.getTime": 22,
                "Document.cookie setter": 21,
                "window.innerWidth": 1,
                "Event.prototype.timeStamp": 1,
                "Date.prototype.getTimezoneOffset": 1,
                "Navigator.prototype.language": 1
            },
            "sites": 31,
            "prevalence": 0.00312,
            "cnames": [],
            "responseHashes": [
                "d05f42938d6db0a76e618bc0b9310c062e88490eeafb610baa3628d82a0332d9",
                "e3b0c44298fc1c149afbf4c8996fb92427ae41e4649b934ca495991b7852b855",
                "97a00d3779633babec0dfbd0ff3aba310563817420dda011a3d6fab43d5db641",
                "134b4f6aabb9f5829e2d6e366a931fd296f614e136715ed008347a8b85b637c8",
                "1a7b03d0e25eca1728e904114390d60e6dadf193c3578ba565a84004c2ce5331",
                "7837820fbf06a4c434f594b2f9186937bfff41d6607dd99fd1e83934246cedd0",
                "6d00585ccf055d86cbd10c37143134da0c01c33c839dbf0f2be2193f2d17284b",
                "8971f9fa23a5589f529a0a3b67d03edcef33b99de5508713a59bf41a161bcdff",
                "6e385fb9c100f9aaa75b38ca03d80450b3e5dfca96ec1dbe67abea54a139653f",
                "99f6c77b06f53dd3db76dd5c8e15eac220bf13f10404f214d3b1cd52d89fa5bb",
                "f379671b6725391772157303eedfd78926c7c878d715c07d4a696b20d620c999",
                "d9dfe6bbfddb0ffd0f22ede307cda8d49e97dcdc8aec50141c7b8fed10310769",
                "643f7a83e22fb10c78e6568524891b1b3e3b1af9f2e72ba205808e7c10965592",
                "aad7eed220f51bc2b3301a513a4e139dd97b7d8a2101a0aeff3966f3423de273",
                "98b6e6bea6a7b408d1b752eb53684b5e347b498ed8d6166dfffee0f6b15314a6",
                "823a59daf37f5d2188f996f137128689e09d2e3ee162820f8da041c529f3336b",
                "235dbbec92331a0d68928a27c7be37fa01a4d3ad042b27839bd59c5236cccc44",
                "b1312d77a065e5b1107bef2ea0b5b60cec057999604136530f577167a015b083",
                "16264d37f3f2a9b9b4668a60ce5615e277480e3520a81028b7d3cb6194e5f31d",
                "3870f1dad44b936ef4eb12f8965b4aacde2e91205d8523b1be7518055698519b",
                "7aaf135c9e1100a02dc44d7e8aeec821685caa4f3c08d009b152b44eccf2a85a",
                "0a36811cfdf94a5539152431526600002505f5e3e9ad05ca1226bb9253a934f8"
            ],
            "type": "Script",
            "firstPartyCookies": {
                "_y2": {
                    "ttl": 31536014,
                    "length": 47,
                    "prevalence": 0.0021103406692794696,
                    "uniqueness": 0.19047619047619047
                },
                "_yi": {
                    "ttl": 31536022,
                    "length": 221,
                    "prevalence": 0.0021103406692794696,
                    "uniqueness": 1
                }
            },
            "firstPartyCookiesSent": {
                "_hjTLDTest": 0.00010049241282283188,
                "IR_gbd": 0.00010049241282283188
            },
            "exampleSites": [
                "www.tiffany.com.au",
                "www.paulcarroll.com.au",
                "www.lebara.com.au",
                "assemblylabel.com",
                "www.davidlawrence.com.au",
                "www.goldcoastairport.com.au",
                "toolswarehouse.com.au",
                "www.jaxtyres.com.au",
                "www.adelaideairport.com.au",
                "www.tickinsurance.com.au",
                "www.onitsukatiger.com",
                "www.citychic.com.au",
                "www.redballoon.com.au",
                "www.jomercer.com.au",
                "frankie4.com",
                "marketplace.qantas.com",
                "www.adrenaline.com.au",
                "teva.com",
                "www.linenhouse.com",
                "www.adairs.com.au"
            ]
        },
        {
            "rule": "yieldify\\.com\\/0\\.0\\.1\\/tag\\/1\\.358\\.1\\/main-web-worker\\.js",
            "cookies": 0,
            "fingerprinting": 0,
            "subdomains": [
                "td"
            ],
            "apis": {},
            "sites": 22,
            "prevalence": 0.00221,
            "cnames": [],
            "responseHashes": [
                "24f5d29bbf61ec79d7c6f328a971fe0552353bff1b1ee34366950b886bc0da83"
            ],
            "type": "Fetch",
            "firstPartyCookies": {},
            "firstPartyCookiesSent": {},
            "exampleSites": [
                "www.adelaideairport.com.au",
                "www.surfstitch.com",
                "www.shavershop.com.au",
                "www.wineselectors.com.au",
                "www.jomercer.com.au",
                "www.adrenaline.com.au",
                "www.tiffany.com.au",
                "www.nicks.com.au",
                "www.linenhouse.com",
                "www.cheesecake.com.au",
                "www.citychic.com.au",
                "www.goldcoastairport.com.au",
                "www.adairs.com.au",
                "www.onitsukatiger.com",
                "www.redballoon.com.au",
                "speedo.com.au",
                "teva.com",
                "www.tickinsurance.com.au",
                "thenorthface.com.au",
                "www.insureandgo.com.au"
            ]
        },
        {
            "rule": "yieldify\\.com\\/i",
            "cookies": 0,
            "fingerprinting": 0,
            "subdomains": [
                "v2.dc"
            ],
            "apis": {},
            "sites": 23,
            "prevalence": 0.00231,
            "cnames": [],
            "responseHashes": [
                "f4eef8263281c0b26486637831251059757bc3fdc4c3a48045a8ef8646b36e8f"
            ],
            "type": "Fetch",
            "firstPartyCookies": {},
            "firstPartyCookiesSent": {
                "_hjTLDTest": 0.00010049241282283188,
                "IR_gbd": 0.00010049241282283188
            },
            "exampleSites": [
                "www.nicks.com.au",
                "www.adrenaline.com.au",
                "www.shavershop.com.au",
                "www.tiffany.com.au",
                "www.goldcoastairport.com.au",
                "www.insureandgo.com.au",
                "www.jomercer.com.au",
                "www.citychic.com.au",
                "assemblylabel.com",
                "www.surfstitch.com",
                "www.onitsukatiger.com",
                "nationalstorage.com.au",
                "www.wineselectors.com.au",
                "www.adairs.com.au",
                "teva.com",
                "www.tickinsurance.com.au",
                "au.teva.com",
                "www.linenhouse.com",
                "thenorthface.com.au",
                "www.redballoon.com.au"
            ]
        },
        {
            "rule": "yieldify\\.com\\/",
            "cookies": 0,
            "fingerprinting": 0,
            "subdomains": [
                "edge"
            ],
            "apis": {},
            "sites": 16,
            "prevalence": 0.00161,
            "cnames": [],