{
    "domain": "6bda3ba403.com",
    "owner": {},
    "source": [
        "DuckDuckGo-FR"
    ],
    "prevalence": 0.00212,
    "sites": 21,
    "subdomains": [
        "92b943ed26",
        "fe4663ec67"
    ],
    "cnames": [],
    "fingerprinting": 0,
    "resources": [
        {
            "rule": "6bda3ba403\\.com\\/in\\/multy",
            "cookies": 0,
            "fingerprinting": 0,
            "subdomains": [
                "92b943ed26"
            ],
            "apis": {},
            "sites": 20,
            "prevalence": 0.00201,
            "cnames": [],
            "responseHashes": [],
            "type": "Preflight",
            "firstPartyCookies": {},
            "firstPartyCookiesSent": {},
            "exampleSites": [
                "chaturflix.cam",
                "familypornhd.com",
                "femefun.com",
                "femdom-joi.com",
                "extremescatporn.com",
                "javhub.net",
                "komikdewasa.online",
                "m-pornhub.com",
                "mangaforfree.net",
                "myscatporn.com",
                "nekopoi.care",
                "otakufr.co",
                "pornogids.net",
                "pornovideoshub.com",
                "thefap.net",
                "thepiratebay.org",
                "www.perverttube.com",
                "www.voyeur-house.life",
                "www.xmegadrive.com",
                "xgore.net"
            ]
        },
        {
            "rule": "6bda3ba403\\.com\\/in\\/multy",
            "cookies": 0,
            "fingerprinting": 0,
            "subdomains": [
                "92b943ed26"
            ],
            "apis": {},
            "sites": 21,
            "prevalence": 0.00212,
            "cnames": [],
            "responseHashes": [
                "59212bd75a0bde9178db6b76f3a517828cd9dab6801b78402947439df3877444",
                "c5f0f95161937784e8b1313970415acd5a5abf3d184b94a5ab8b164f6f98dedb",
                "c61f7d4c7294545411208f254b86f285eecf3f63227d89fd61c373765e447547",
                "dec79b16f6259c61f3ead886f33525f9de6cdc98c8de3b14918f3d86a13552ef",
                "41ecbb07bd012ce1efd9540622a1967e424f0bf0cf13ca4ef95dfc430b862eb0",
                "34cfab412e4e2c819e9eca0edf0a349e519c2c26cf420acdc5d035f65b114de9",
                "112063f36a52e043d80d9badc9fe1fb1fe2a0d1a75dbe247c107c832ba2b92f6",
                "6f7eddf6d04e151dfb27eeeaad49bae2c00f34f8d211eb2d37a0a7079ca22010",
                "d6efd35931af702297bd156a2661a3db086413084eaf69e29aed1ba83e512f4b",
                "3b586eb77435083f5128a069a5a99c421c75c87e28288445d59a15ab73e51b66",
                "77882bda2f21a902c44993d9452204571f66d6a6880d9f79c96c493a3f391d05",
                "0efdf518c63c2cd2d3c4c819bd985ba653da007981d1ae24a0304dbe4a269b5c",
                "5d87dbe39b9b5534f8c58e621d9a7e336428fc74bbe6f7b08f07929f6e48656f",
                "d2940ecd76d52ff577d08b8d51900921a4f7e983c1cf486f66d242a2f42e364f",
                "beb4edd8e8ab6ab8411ad5d1ed951ce361b86a1de553f714fc055c79f97a77fa",
                "16e92650a3b350fc8c24224ecd4d8c7aca897b14c97584e3c02eae7e5fb2bf0a",
                "46dde9dfcf69485293a544dd8d888cd6481d598e59fe4a7ad6b6608928ede5f4",
                "a5da6972a6eb5086de835262be693f3567b07cdbae83d2c104815e05b76e45c0",
                "fbb514e109cf2f496536b263bb10104619cfdfdb69f950ac4d81856e7dff4aff"
            ],
            "type": "XHR",
            "firstPartyCookies": {},
            "firstPartyCookiesSent": {},
            "exampleSites": [
                "thepiratebay.org",
                "pornovideoshub.com",
                "komikdewasa.online",
                "hotfapy.com",
                "femefun.com",
                "myscatporn.com",
                "otakufr.co",
                "javhub.net",
                "m-pornhub.com",
                "thefap.net",
                "www.perverttube.com",
                "pornogids.net",
                "extremescatporn.com",
                "familypornhd.com",
                "nekopoi.care",
                "www.xmegadrive.com",
                "xgore.net",
                "www.voyeur-house.life",
                "mangaforfree.net",
                "femdom-joi.com"
            ]
        },
        {
            "rule": "6bda3ba403\\.com\\/in\\/show\\/",
            "cookies": 0,
            "fingerprinting": 0,
            "subdomains": [
                "fe4663ec67",
                "92b943ed26"
            ],
            "apis": {},
            "sites": 18,
            "prevalence": 0.00181,
            "cnames": [],
            "responseHashes": [
                "e3b0c44298fc1c149afbf4c8996fb92427ae41e4649b934ca495991b7852b855"
            ],
            "type": "Image",
            "firstPartyCookies": {},
            "firstPartyCookiesSent": {},
            "exampleSites": [
                "chaturflix.cam",
                "familypornhd.com",
                "femdom-joi.com",
                "extremescatporn.com",
                "javhub.net",
                "komikdewasa.online",
                "m-pornhub.com",
                "mangaforfree.net",
                "myscatporn.com",
                "nekopoi.care",
                "otakufr.co",
                "pornogids.net",
                "pornovideoshub.com",
                "thefap.net",
                "www.perverttube.com",
                "www.voyeur-house.life",
                "www.xmegadrive.com",
                "xgore.net"
            ]
        }
    ],
    "categories": [],
    "performance": {},
    "cookies": 0,
    "topInitiators": [
        {
            "domain": "89dfa3575e.com",
            "prevalence": 0.7285714285714285
        },
        {
            "domain": "wpushsdk.com",
            "prevalence": 0.2571428571428571
        },
        {
            "domain": "first party",
            "prevalence": 0.014285714285714285
        }
    ],
    "types": {
        "Preflight": 20,
        "XHR": 21,
        "Image": 18
    },
    "nameservers": [
        "dns1.infrapu.sh",
        "dns2.infrapu.sh"
    ]
}