{
    "domain": "54.156.2.105",
    "owner": {},
    "source": [
        "DuckDuckGo-CA"
    ],
    "prevalence": 0.000705,
    "sites": 7,
    "subdomains": [],
    "cnames": [],
    "fingerprinting": 0,
    "resources": [
        {
            "rule": "54\\.156\\.2\\.105\\/is",
            "cookies": 0,
            "fingerprinting": 0,
            "subdomains": [],
            "apis": {},
            "sites": 7,
            "prevalence": 0.000705,
            "cnames": [],
            "responseHashes": [
                "4c9dae8af6336407d55bc6882351c7e070a933ecdf8d03b933ef0d86b575e055",
                "1486f023cbdfd9a630927c68df3cdaf29c8b10849f213156801ac4380f68f063",
                "04b1838eb27eacf113d68dd5a669008392d2810ec3f08c5fc7d54fda5df97b07",
                "18c75183f930fd9c16e053e807a92b78cb668c6758c514eeeec317d93943c49b",
                "6823679564eb2959d5dfa4bd4b94f66f7061bfbc04911260b58c9be0ea87f810",
                "386d3905424ed07449206385069dc2cadc19dfbeedf32bc724536e7cd5e68bc9"
            ],
            "type": "Fetch",
            "firstPartyCookies": {},
            "firstPartyCookiesSent": {},
            "exampleSites": [
                "ground.news",
                "www.hubspot.com",
                "www.plannedparenthood.org",
                "www.rbauction.com",
                "www.replacements.com",
                "www.tirerack.com",
                "www.truecar.com"
            ]
        }
    ],
    "categories": [],
    "performance": {},
    "cookies": 0,
    "types": {
        "Fetch": 7
    },
    "nameservers": []
}