{
    "domain": "6bda3ba403.com",
    "owner": {},
    "source": [
        "DuckDuckGo-CA"
    ],
    "prevalence": 0.00121,
    "sites": 12,
    "subdomains": [
        "92b943ed26",
        "fe4663ec67"
    ],
    "cnames": [],
    "fingerprinting": 0,
    "resources": [
        {
            "rule": "6bda3ba403\\.com\\/in\\/multy",
            "cookies": 0,
            "fingerprinting": 0,
            "subdomains": [
                "92b943ed26"
            ],
            "apis": {},
            "sites": 12,
            "prevalence": 0.00121,
            "cnames": [],
            "responseHashes": [
                "328ad3e61391cbd9a5af881b4126622207b036630d41df50b847a0a83bdb6ad5",
                "5324ab1ebc14119e2c94caab374075235641dc724d413ced35bb5aea8274efbd",
                "e479799a7ef43a1e5636e0e7b602ead2f051033118ef506eb5c54f7d0f11536e",
                "19c23a7c6d11144354772a265688c40105a18d09e1cca340f68c356c3b492f9d",
                "52cfb111c92a261c517444f0dbcb3fdcab2f297954d2c4ccaf80027d334d3474",
                "e26fd73e268ad03a70a3ca6a855ea27be5b041aeda506ebc8f86385b7755e572",
                "653df2a21d684b33436dc21d45981f2d23af9eaaf2fa131699d89cf5696947b6",
                "e3b0c44298fc1c149afbf4c8996fb92427ae41e4649b934ca495991b7852b855",
                "d99a1caea33ded5ad0a639f9d44c829d75e68f5ddca96a1eff68e8b6bd77ae50",
                "c9b0e89327ed071795e8ec18dee6e6fdc020d63f272058f7141e79cda5481461"
            ],
            "type": "XHR",
            "firstPartyCookies": {},
            "firstPartyCookiesSent": {},
            "exampleSites": [
                "adultfans.net",
                "bestgore.fun",
                "chaturflix.cam",
                "femdom-joi.com",
                "hotfapy.com",
                "javhub.net",
                "pornogids.net",
                "sextb.net",
                "thefap.net",
                "thepiratebay.org",
                "tube.perverzija.com",
                "www.voyeur-house.life"
            ]
        },
        {
            "rule": "6bda3ba403\\.com\\/in\\/multy",
            "cookies": 0,
            "fingerprinting": 0,
            "subdomains": [
                "92b943ed26"
            ],
            "apis": {},
            "sites": 11,
            "prevalence": 0.00111,
            "cnames": [],
            "responseHashes": [],
            "type": "Preflight",
            "firstPartyCookies": {},
            "firstPartyCookiesSent": {},
            "exampleSites": [
                "bestgore.fun",
                "chaturflix.cam",
                "femdom-joi.com",
                "hotfapy.com",
                "javhub.net",
                "pornogids.net",
                "sextb.net",
                "thefap.net",
                "thepiratebay.org",
                "tube.perverzija.com",
                "www.voyeur-house.life"
            ]
        },
        {
            "rule": "6bda3ba403\\.com\\/in\\/show\\/",
            "cookies": 0,
            "fingerprinting": 0,
            "subdomains": [
                "92b943ed26",
                "fe4663ec67"
            ],
            "apis": {},
            "sites": 10,
            "prevalence": 0.00101,
            "cnames": [],
            "responseHashes": [
                "e3b0c44298fc1c149afbf4c8996fb92427ae41e4649b934ca495991b7852b855"
            ],
            "type": "Image",
            "firstPartyCookies": {},
            "firstPartyCookiesSent": {},
            "exampleSites": [
                "bestgore.fun",
                "chaturflix.cam",
                "femdom-joi.com",
                "hotfapy.com",
                "javhub.net",
                "pornogids.net",
                "sextb.net",
                "thefap.net",
                "tube.perverzija.com",
                "www.voyeur-house.life"
            ]
        }
    ],
    "categories": [],
    "performance": {},
    "cookies": 0,
    "topInitiators": [
        {
            "domain": "89dfa3575e.com",
            "prevalence": 0.5454545454545454
        },
        {
            "domain": "wpushsdk.com",
            "prevalence": 0.4318181818181818
        },
        {
            "domain": "first party",
            "prevalence": 0.022727272727272728
        }
    ],
    "types": {
        "XHR": 12,
        "Preflight": 11,
        "Image": 10
    },
    "nameservers": [
        "dns1.infrapu.sh",
        "dns2.infrapu.sh"
    ]
}