{
    "domain": "6bda3ba403.com",
    "owner": {},
    "source": [
        "DuckDuckGo-GB"
    ],
    "prevalence": 0.00211,
    "sites": 21,
    "subdomains": [
        "92b943ed26"
    ],
    "cnames": [],
    "fingerprinting": 0,
    "resources": [
        {
            "rule": "6bda3ba403\\.com\\/in\\/multy",
            "cookies": 0,
            "fingerprinting": 0,
            "subdomains": [
                "92b943ed26"
            ],
            "apis": {},
            "sites": 20,
            "prevalence": 0.00201,
            "cnames": [],
            "responseHashes": [],
            "type": "Preflight",
            "firstPartyCookies": {},
            "firstPartyCookiesSent": {},
            "exampleSites": [
                "bestgore.fun",
                "ebulo.xyz",
                "femefun.com",
                "femdom-joi.com",
                "extremescatporn.com",
                "javhub.net",
                "myscatporn.com",
                "pornogids.net",
                "pornovideoshub.com",
                "sextb.net",
                "starsessions.sbs",
                "thefap.net",
                "thepiratebay.org",
                "thisisgore.com",
                "tube.perverzija.com",
                "vulgarx.com",
                "www.leaktape.com",
                "www.perverttube.com",
                "www.xmegadrive.com",
                "xgore.net"
            ]
        },
        {
            "rule": "6bda3ba403\\.com\\/in\\/multy",
            "cookies": 0,
            "fingerprinting": 0,
            "subdomains": [
                "92b943ed26"
            ],
            "apis": {},
            "sites": 21,
            "prevalence": 0.00211,
            "cnames": [],
            "responseHashes": [
                "05e4dfc74c9e956184e25ff4c5373ef17ada26d7e55a33a2f562ec11e6ad7df0",
                "727c66f738399f52acf9803bc00728ef463d6bf9ecee3463c0dde0bcfe8af25f",
                "294032d62c6889a257b911493c4392f805d76bd67fb4e77048f553a6ee019971",
                "3d42a9693a51fefc27c31afd0e139f551c179ba364378e85ae2831a17840f8b1",
                "556ba6c7c6565043a6a11ccd49bdd7847ec5ee3d91d83860d1accc82575c239b",
                "488fda48d6ee46cd1fbba55dfc9ec76dfe0991005dac08e99c5bfdffdb416355",
                "6b27b86b709d21ba530456db0249816d7dba8fdeabb834fa595f8572525fd5a8",
                "63daf147709e56774aab2ef2f0bd324972188be6ad97433e7574b35e6582ca71",
                "bb40e65adb2c2b21af41491520ea97644172d63291e9d2afefeb14a9b1afc15c",
                "a28976b675882060457e92bad6bc6d50bb630eb7c5b3cec247cbe95597f00d7c",
                "b35dd006ee18bbcc554a1fdee4ef95abd73ee8c40431c7d8ba50da4b21be24cc",
                "1643988f27b5b1cabe3eec0d5d6632f815e9879e0feb293c011697efa6566e18",
                "ceebcdbb051e04af2f25ea4ced5025159b774e1b261829d251ced2ef61d3bfb1",
                "c7ea4360dec613a22723678e869d14a839b9e10078083f8b4007257ad5c55f3c",
                "bf99d29d4e22546bafea2e5c50ed2a6f71bf6781318e5157592738a1a227a967",
                "2b01fe8b815197fdea78b3e1e9e7d124321954692d6b3fee69587ac3048656cf",
                "72f00bab3480c63e3ae76d13cc61284851c9679abf209927c1b4932ec950135a",
                "512b14fcc041469f12d76a923cf74f63023621da24a2a622f2c71a3fbcb723ad"
            ],
            "type": "XHR",
            "firstPartyCookies": {},
            "firstPartyCookiesSent": {},
            "exampleSites": [
                "thepiratebay.org",
                "sextb.net",
                "vulgarx.com",
                "www.perverttube.com",
                "javhub.net",
                "hotfapy.com",
                "www.leaktape.com",
                "pornogids.net",
                "femdom-joi.com",
                "thisisgore.com",
                "www.xmegadrive.com",
                "thefap.net",
                "bestgore.fun",
                "extremescatporn.com",
                "xgore.net",
                "femefun.com",
                "ebulo.xyz",
                "tube.perverzija.com",
                "myscatporn.com",
                "starsessions.sbs"
            ]
        },
        {
            "rule": "6bda3ba403\\.com\\/in\\/show\\/",
            "cookies": 0,
            "fingerprinting": 0,
            "subdomains": [
                "92b943ed26"
            ],
            "apis": {},
            "sites": 17,
            "prevalence": 0.00171,
            "cnames": [],
            "responseHashes": [
                "e3b0c44298fc1c149afbf4c8996fb92427ae41e4649b934ca495991b7852b855"
            ],
            "type": "Image",
            "firstPartyCookies": {},
            "firstPartyCookiesSent": {},
            "exampleSites": [
                "bestgore.fun",
                "ebulo.xyz",
                "femdom-joi.com",
                "extremescatporn.com",
                "javhub.net",
                "myscatporn.com",
                "pornogids.net",
                "pornovideoshub.com",
                "sextb.net",
                "starsessions.sbs",
                "thefap.net",
                "thisisgore.com",
                "vulgarx.com",
                "www.leaktape.com",
                "www.perverttube.com",
                "www.xmegadrive.com",
                "xgore.net"
            ]
        }
    ],
    "categories": [],
    "performance": {},
    "cookies": 0,
    "topInitiators": [
        {
            "domain": "89dfa3575e.com",
            "prevalence": 0.6885245901639344
        },
        {
            "domain": "wpushsdk.com",
            "prevalence": 0.29508196721311475
        },
        {
            "domain": "first party",
            "prevalence": 0.01639344262295082
        }
    ],
    "types": {
        "Preflight": 20,
        "XHR": 21,
        "Image": 17
    },
    "nameservers": [
        "dns1.infrapu.sh",
        "dns2.infrapu.sh"
    ]
}