{
    "domain": "6bda3ba403.com",
    "owner": {},
    "source": [
        "DuckDuckGo-CH"
    ],
    "prevalence": 0.00151,
    "sites": 15,
    "subdomains": [
        "92b943ed26"
    ],
    "cnames": [],
    "fingerprinting": 0,
    "resources": [
        {
            "rule": "6bda3ba403\\.com\\/in\\/multy",
            "cookies": 0,
            "fingerprinting": 0,
            "subdomains": [
                "92b943ed26"
            ],
            "apis": {},
            "sites": 14,
            "prevalence": 0.00141,
            "cnames": [],
            "responseHashes": [],
            "type": "Preflight",
            "firstPartyCookies": {},
            "firstPartyCookiesSent": {},
            "exampleSites": [
                "chaturflix.cam",
                "extremescatporn.com",
                "femdom-joi.com",
                "highporn.net",
                "javhub.net",
                "jungespornovideo.com",
                "myscatporn.com",
                "pornogids.net",
                "sextb.net",
                "starsessions.sbs",
                "thefap.net",
                "thepiratebay.org",
                "www.perverttube.com",
                "www.voyeur-house.life"
            ]
        },
        {
            "rule": "6bda3ba403\\.com\\/in\\/multy",
            "cookies": 0,
            "fingerprinting": 0,
            "subdomains": [
                "92b943ed26"
            ],
            "apis": {},
            "sites": 15,
            "prevalence": 0.00151,
            "cnames": [],
            "responseHashes": [
                "e010a8f53fa4539d55bd047eb887b63bb6127bfc1410cf58ffa2649c995d7669",
                "dff7095be73c53d7ff918fe96182ff1a7acce91b5151c7056b5e8c33c1a3a850",
                "2862d666a6315fd5660bd348acae225cf50f6859b7a29ef8319c9571f3e68765",
                "42373411436e61516b5948d4f2ec23aa0fef1655b89b903e22f6e99603de47ad",
                "8e29052048704878a455fb5e4067b4cb537c1e0138e22a5aa37f61e74d3dcabf",
                "8bb1e14851d190ef5b9f90bcd1ce569f851d0024e1b9306cdf5fcce53a747c76",
                "252e51167e8309b6de8ee2f40d6b5546c3d3f38007a11ae6f1c06d5ab9e121eb",
                "c99274e75c6a3ee0fb9ef20d87baedaba923dc0b9766e18a1d11a894b8f7fa20",
                "43601b4a1b667965353a739372c555be6c17fa6c90c17a67e58cc98da1785010",
                "4ea1dbf64663fc422fe759d1e536b5ea8d733419e796c7b53944d406d83fab54",
                "1cda7753873169a9c117b538c520c577aae4e51641d186831b85a1ef642d5340",
                "66695967454b01e120fca0f340051f5820b0437729327545b34846e9f11fc6c2",
                "0bfcc0f26810f288d37ed050fb08ae30f27535301a977fffb1ed964f1e981756"
            ],
            "type": "XHR",
            "firstPartyCookies": {},
            "firstPartyCookiesSent": {},
            "exampleSites": [
                "chaturflix.cam",
                "extremescatporn.com",
                "femdom-joi.com",
                "hotfapy.com",
                "highporn.net",
                "javhub.net",
                "jungespornovideo.com",
                "myscatporn.com",
                "pornogids.net",
                "sextb.net",
                "starsessions.sbs",
                "thefap.net",
                "thepiratebay.org",
                "www.perverttube.com",
                "www.voyeur-house.life"
            ]
        },
        {
            "rule": "6bda3ba403\\.com\\/in\\/show\\/",
            "cookies": 0,
            "fingerprinting": 0,
            "subdomains": [
                "92b943ed26"
            ],
            "apis": {},
            "sites": 13,
            "prevalence": 0.00131,
            "cnames": [],
            "responseHashes": [
                "e3b0c44298fc1c149afbf4c8996fb92427ae41e4649b934ca495991b7852b855"
            ],
            "type": "Image",
            "firstPartyCookies": {},
            "firstPartyCookiesSent": {},
            "exampleSites": [
                "chaturflix.cam",
                "extremescatporn.com",
                "femdom-joi.com",
                "highporn.net",
                "javhub.net",
                "jungespornovideo.com",
                "myscatporn.com",
                "pornogids.net",
                "sextb.net",
                "starsessions.sbs",
                "thefap.net",
                "www.perverttube.com",
                "www.voyeur-house.life"
            ]
        }
    ],
    "categories": [],
    "performance": {},
    "cookies": 0,
    "topInitiators": [
        {
            "domain": "89dfa3575e.com",
            "prevalence": 0.6785714285714286
        },
        {
            "domain": "wpushsdk.com",
            "prevalence": 0.32142857142857145
        }
    ],
    "types": {
        "Preflight": 14,
        "XHR": 15,
        "Image": 13
    },
    "nameservers": [
        "dns1.infrapu.sh",
        "dns2.infrapu.sh"
    ]
}