{
    "domain": "6bda3ba403.com",
    "owner": {},
    "source": [
        "DuckDuckGo-DE"
    ],
    "prevalence": 0.00181,
    "sites": 18,
    "subdomains": [
        "92b943ed26",
        "fe4663ec67"
    ],
    "cnames": [],
    "fingerprinting": 0,
    "resources": [
        {
            "rule": "6bda3ba403\\.com\\/in\\/multy",
            "cookies": 0,
            "fingerprinting": 0,
            "subdomains": [
                "92b943ed26"
            ],
            "apis": {},
            "sites": 18,
            "prevalence": 0.00181,
            "cnames": [],
            "responseHashes": [
                "c7ad4ce4bb0da2a5e12f96100d0d439c5f1480e62d1fd93bada05ec793338011",
                "ce0385091454330ebd2683adbf3d1d2bff38efdb956b78173e427046a5ae8193",
                "b0d2af11b1c79cf12b9917b9617abf29ae55d602a513afa1edaeab638946c1bc",
                "e47e5809e3f59c0fca8380555a24e68790c4a4197b8283c03375a9aa828cea20",
                "0d0e8333c897e5abb7c22b37ecbf3337d7218a2b321151dbdc1d2ca5532bb2bb",
                "8bfd7990c082d63fb537ca6ad614644a201a0885b7f3aad02a8f11e6159e66f5",
                "03cb64c9b767f1ccece7be359ec57f2d42a49b74ecffd4a8ebb24f3df99d3704",
                "1d595b188585d261f9be3a984f730acef0338e748bd095171ae1963bafb5af6e",
                "fc8fefb4b7a8c9541d69011b30b208aaa3f01264af1acbcf8d26b0fd383a56b8",
                "5e191665e7ebd94c6fe955d34a2275955d4532d1767b6834f6f628b68257d193",
                "35fa71a68ed20cd6200e8488f8fbde928b6886d80d58f05738a778e1a24e40fb",
                "503a96e02dfb94bb349e3e8ec37449cde0efdda25346c532b9738980a24d0af9",
                "c775ed0f1f09f06898c5a3194ba16f8fbf7591ac757b601e3f6762e5f3239219",
                "fd44060bdc4a1bfddf483216b02c7c5ff0684bd8fa7511f741afecfcab88ea13",
                "35f5963a06edf8a2166e9401f454abf5a60ca2e5402e1b40095d48aee633416e",
                "e79512bbdaa6c36cc8710b60e0d4be5e2803ce9d500a4eea41c18296aa4987c9"
            ],
            "type": "XHR",
            "firstPartyCookies": {},
            "firstPartyCookiesSent": {},
            "exampleSites": [
                "chaturflix.cam",
                "ebulo.xyz",
                "femdom-joi.com",
                "freescatporntube.com",
                "extremescatporn.com",
                "hotfapy.com",
                "jungespornovideo.com",
                "hitomi.la",
                "goresee.com",
                "m-pornhub.com",
                "myscatporn.com",
                "pornogids.net",
                "starsessions.sbs",
                "thefap.net",
                "thepiratebay.org",
                "thisisgore.com",
                "vulgarx.com",
                "www.xmegadrive.com"
            ]
        },
        {
            "rule": "6bda3ba403\\.com\\/in\\/multy",
            "cookies": 0,
            "fingerprinting": 0,
            "subdomains": [
                "92b943ed26"
            ],
            "apis": {},
            "sites": 17,
            "prevalence": 0.00171,
            "cnames": [],
            "responseHashes": [],
            "type": "Preflight",
            "firstPartyCookies": {},
            "firstPartyCookiesSent": {},
            "exampleSites": [
                "chaturflix.cam",
                "ebulo.xyz",
                "femdom-joi.com",
                "freescatporntube.com",
                "extremescatporn.com",
                "jungespornovideo.com",
                "hitomi.la",
                "goresee.com",
                "m-pornhub.com",
                "myscatporn.com",
                "pornogids.net",
                "starsessions.sbs",
                "thefap.net",
                "thepiratebay.org",
                "thisisgore.com",
                "vulgarx.com",
                "www.xmegadrive.com"
            ]
        },
        {
            "rule": "6bda3ba403\\.com\\/in\\/show\\/",
            "cookies": 0,
            "fingerprinting": 0,
            "subdomains": [
                "fe4663ec67",
                "92b943ed26"
            ],
            "apis": {},
            "sites": 16,
            "prevalence": 0.00161,
            "cnames": [],
            "responseHashes": [
                "e3b0c44298fc1c149afbf4c8996fb92427ae41e4649b934ca495991b7852b855"
            ],
            "type": "Image",
            "firstPartyCookies": {},
            "firstPartyCookiesSent": {},
            "exampleSites": [
                "chaturflix.cam",
                "ebulo.xyz",
                "femdom-joi.com",
                "freescatporntube.com",
                "extremescatporn.com",
                "jungespornovideo.com",
                "hitomi.la",
                "goresee.com",
                "m-pornhub.com",
                "myscatporn.com",
                "pornogids.net",
                "starsessions.sbs",
                "thefap.net",
                "thisisgore.com",
                "vulgarx.com",
                "www.xmegadrive.com"
            ]
        }
    ],
    "categories": [],
    "performance": {},
    "cookies": 0,
    "topInitiators": [
        {
            "domain": "89dfa3575e.com",
            "prevalence": 0.7014925373134329
        },
        {
            "domain": "wpushsdk.com",
            "prevalence": 0.2835820895522388
        },
        {
            "domain": "first party",
            "prevalence": 0.014925373134328358
        }
    ],
    "types": {
        "XHR": 18,
        "Preflight": 17,
        "Image": 16
    },
    "nameservers": [
        "dns1.infrapu.sh",
        "dns2.infrapu.sh"
    ]
}