{
    "domain": "adnuntius.delivery",
    "owner": {},
    "source": [
        "DuckDuckGo-NO"
    ],
    "prevalence": 0.00876,
    "sites": 87,
    "subdomains": [
        "ads"
    ],
    "cnames": [],
    "fingerprinting": 0,
    "resources": [
        {
            "rule": "adnuntius\\.delivery\\/i",
            "cookies": 0.00181,
            "fingerprinting": 0,
            "subdomains": [
                "ads"
            ],
            "apis": {},
            "sites": 19,
            "prevalence": 0.00191,
            "cnames": [],
            "responseHashes": [
                "82f7e070fd766b5d2020b56a55944947c3982d15349078a3e9ba101e5c73c707",
                "c26473d3812f476d9406833ed52e4254f0ae1da52510ddb65324d749a5b0274c",
                "264be9f720025f4aeadb496bbf3b808aacf433a8cda3bcef867d5e9ed6c6d84e",
                "2770cb0e09fa53d73ced82312be8e9db4cc1ba4d4eaf7edda19b7441aef6aac3",
                "54c4dec83a48a9697264377d58bce9e9cb8d509cd4a5e71af999117d0c2a4713",
                "90909907969e3ef78341ecf46bbeb3cb8dd71089f4c103e1178a903bc3bdcb7d",
                "d90d21e2ac51107cb32d449a2bc024bf964321a5a1abee694cc1b69cc4a5f667",
                "ab230822cdea9f358098e6bc04f69736b6467ff1131f706cdf4a0c404cf33c24",
                "5f26b27558312710c314973b70b28317f7215b7ea8c29949db7fb99925b6cd45",
                "4fa4c0a2f21c65f326527de6a077d041c3cb101c0eceaab1721f51e7fd734952",
                "0a159aabfc15088870e5d89f26d94e888b43f15cb1c6f90368361a8ec329bc0b",
                "80b1ea1804abe8d9d3cd10b8ceea565c3c2ef9d83047dadd29d369e3e60e5531",
                "673eab0e5fa87a65ff985cbab6b19f29590b9d1e8b2609b789d038e3ee5093ae",
                "e49eeee68ed7573e15a92f9253abba23ea18054adcd6a2da4bddfc3f473d7b91",
                "eae943c4d1c3618e7b87ac45994136cbe449baa44ffc1dea323bb63359094bf9",
                "f272d3a10b4259403a83bf26c79c8322d0d962e153180ae4ed96fb4344fac383",
                "75dd0530193e680f989db48949fcbae909b89a76d9fb454e3f7f5ce1ee3612da"
            ],
            "type": "XHR",
            "firstPartyCookies": {},
            "firstPartyCookiesSent": {},
            "exampleSites": [
                "dagbladet.no",
                "borsen.dagbladet.no",
                "dinside.dagbladet.no",
                "sol.no",
                "vartoslo.no",
                "www.aperitif.no",
                "www.at.no",
                "www.batmagasinet.no",
                "www.dagbladet.no",
                "www.dagsavisen.no",
                "www.elbil24.no",
                "www.gardsdrift.no",
                "www.journalisten.no",
                "www.kk.no",
                "www.lommelegen.no",
                "www.m24.no",
                "www.mittkongsvinger.no",
                "www.sciencenorway.no",
                "www.seher.no"
            ]
        },
        {
            "rule": "adnuntius\\.delivery\\/i",
            "cookies": 0.00675,
            "fingerprinting": 0,
            "subdomains": [
                "ads"
            ],
            "apis": {},
            "sites": 68,
            "prevalence": 0.00685,
            "cnames": [],
            "responseHashes": [
                "f8d719afcecb8cef273058c522f614abc9b4cc59e4b18d91c5487b9765192bc1",
                "037a6b9a297879f07bfa8cc947def36eb79f81ea3102c4579abb01e1cf49c710",
                "e4b4142e01ec9b6932d4240c9d2ed751fb0e06f4d2959c9c694ba97a486b8ade",
                "ff92e29a6a56da832f1bbf4a95455fdf7c1dddcae8fcf8b1c06f8eb95880a8f8",
                "834b713cc510a759a375d42e933d8cfb55b829df448857495fd17229f4005b49",
                "37f2d1a500d013831f3e988622212ccd6376230cad042e0ee2d7adae14177768",
                "399f52266b5d950affaeea078a00f10b0eadde5ed4f36032ed7b563f9a107a18",
                "91de0b084e9ff4b8c58e4292481857b8e64bea977db9d8d7e5f9b09feeae12ac",
                "3b510513e7d5059faea5dbd5158a3433b1535f28d6fdb3d947daca27cd9ca586",
                "390ae6c7f3401184cd564062036aa7cbafdc977b86c0de959ca06f37c80130fe",
                "cc47d0567f9e7ba80afa2dd8b3e6ee6583a49608d5fa50f8e4151fa152b3ef9e",
                "2f7fa4ae7357b8060610f60849ee8aeef4a03405c7a001e7b70436a33dc0119a",
                "f94c2910b4a3fb8e7edf073fff6dc475fb8853689a7cd7f31bea6ddbd96cf038",
                "2927938f3e7393ffdc0fe3ae4e700e3b699a927a6563ae5f424d43e790852abe",
                "871e5d35065973023dc897fe9cfb53b537c51e073294854cb052da356485c51d",
                "0000fefa36f84c83c15c00202e47cdfa7149d79ffa0a84b4a2fc629f553c0cbb",
                "4377905a036be88032bce6a145c15d2e7731cfb268d690f3b06bd04ef52928d9",
                "f82d0bb85272a5f426b81d14ae87eb82c807cce02d08784f0218cce513f735f7",
                "c6fa32f928cc62ca9458e7ef59f16214bbb5a7ebefd0f14a5fa0d84a1ee2f96c",
                "84b9111932d1c441443e4056a481a47f255ac223a62316d115d64c84cf2d1fd7",
                "d37f890b28cbed21e48cbfaf44402f3927bda57974962a776bee796a03e9aa1e",
                "e7a41567ac39e53afa38d8d1e07471f888706e044682ff943127bd3c9dbc9725",
                "09484cbd8c0a455624a65a2c224f45cc51bbdee0e323b5addbd4b51ab75c45e0",
                "fc7ed5e1d77a1f829fc9d659733cd1dd384486369cdddb9a665467cc60789256",
                "9aa4fe12eabcef91ecf0fb86fed6030f85b272fa57bb6589f2bee03b31dcc83a",
                "6a3d8d65b91c69dfd404227576db937b9d1c7d21aada4c9dcfb33284728ac85b",
                "77fc73f93b6006dadde958e808bc471823029e8e0410e21ffa1417474ce0a1ec",
                "128ac897b7c2c4cd500ddb90dcc19d8fc90c32d9795e0235b323a5c9c54ec19c",
                "2b57fe5c8bc646bc8faa2f582f26e4ad9ebebd7e16efdb36ce0f5ca97c726b5f",
                "d95eb27821258e45f16be51ae79e8ce08797084d6db75fc75794d71ef3af1b11",
                "1efdd76e3c7b0a8eb90b739be94a8fe5b7ee83f748d46e15a00e19c6ae152b23",
                "148909a07a7caeb34c0d4b03fad3e40fabd5a85045541ce265bd15596e861eb5",
                "bc20cbe5f423fc3a243654126641d08df654eebec6122685f4dcd9335a5e5436",
                "a596384133d40e308b92c44bfeaa976571349ee0af970f773daf4fc2ed16e7c3",
                "1655388ec1e91ec4cbc83344400e7aaf383c352b4cb190c5f7f3b5c50f55a4bf",
                "93132bcd1f7397437fc1dfe591c72c7268a76f4b8237f786acc1b1aac8d5a5f8",
                "d90220a30b8211d1ecab30eb1598661e572a025f9b4b50449cf85aae955f7556",
                "f89aa12f91418af8ae1e70498ec0e3a37b2ad4b59ddbe92dc54774f889ab8d53",
                "1d39aa0b94d3536975dfebda98b74ec30267b4ad35b082c0ba1b53fce2300533",
                "38602bcd9f44961c00f26a97cc297c896067bb2b1f878cf43c67347a0b1f00ae",
                "6eb0e52a37dbc76c1ef6c93ba8bbdb51d185f2b6b270479ad5b1c7b944abf720",
                "f411e0497d7ceb7943a2396cc78d4605245fc39e6176c30dcf43858b3dd13852",
                "996958de60d1a9d86a41e18b04d3aea4a0bb5b4dcb7f8d60262e1cfdc90e283d",
                "c581c2e5fdf63934950d2d85118555af6a5a61b1753de093fa2b24121b491368",
                "6e72acd84e2509c502610eafecb15e61d5f218aea857ad593b05feae37f031e0",
                "14725d35c14a99aafc1a65cff9f516d8fa5a05dd2bc270078aa4dc521ecc0fe5",
                "55c58ac691cbc6d2d164f0dd4ebb9d0f818a527dcb153d248ed38ac70d6a75c7",
                "999ea054678cacd4f3373b243736cd4031bed30d3619570cbdadbcfff990f095",
                "1238c29ac146566cd649a3602a90b41ee36f750e221c354026d682ed12344c44",
                "5774a89ff317e19d0d43b0d602208c9c0ed7fb49bd75c601b2276c0b5286839b",
                "a7f88f52adc8997e7b8750c2c8fab22cf7fd9d036397a7a7f7f3c7d5327e3561",
                "b355924a83f2c83b5ebdadc3eff91a47378fbd8f710065d49eb13d757bad2434",
                "69769a2f8c06f9e8685be874e496fc8c57767ad6e1bc8244cc75ba8fa06a20bd",
                "98fb396952b9edafb4ed2f6380b1829632d7582d66f31dfc769dddaea2258be0",
                "97b4c56716e5f0c6cf114515eca895a6aaf4301f80576eba6bc3e64f59837ed6",
                "e48ce615920e185b97e317af0c44c556725c49156d9ef2e472c38adc28a76147",
                "9405a31b8d53198524f85e7797db035b79efdf71c5c5638f72792b3c100cc916",
