{
    "domain": "3.212.39.155",
    "owner": {},
    "source": [
        "DuckDuckGo-US"
    ],
    "prevalence": 0.00159,
    "sites": 233,
    "subdomains": [],
    "cnames": [],
    "fingerprinting": 0,
    "resources": [
        {
            "rule": "3\\.212\\.39\\.155\\/is",
            "cookies": 0,
            "fingerprinting": 0,
            "subdomains": [],
            "apis": {},
            "sites": 218,
            "prevalence": 0.00148,
            "cnames": [],
            "responseHashes": [
                "199d2195ae3276388138a33d9b9ef1bcaaf3d15793c99069184b078a1d3d6fc4",
                "5dbb6c51d807aae25d86e3d80dd0b9292c3272a60316cc7537d5ee1e1d28bcf3",
                "399020c33d4bba3576991adc7777fd5fc252329ef931319fd2cfd6c2a0259b4c",
                "de2c9bfbb028a4eae88453544d677cadcb23d6dc11558962020e7b5182219e43",
                "1d008c7a508dfaa185457675a62dc81a619434a100270e4c862946dba0d85d92",
                "9363907405dfb36602d3f47c51d4a6f0598d1a50f161a23256f2cb563054232c",
                "2c204c7ba4cc0ae4a41230e04674466039b29fb9ae12d30bb935cbca6382779c",
                "c337ae3d6ee53c847ce5ba0c6cde6749188ce013a7940de6dcaa70a637f7a6a1",
                "3799308f9794ba5f1672d14b1c9ec777cb12aa30b77d5c7cbf99ccce7861255b",
                "53a0f8a8c5ad0f3b44b08ec723532e19bec63f38574740127d246540ed85d21e",
                "771765704be0d598da587dd5a023fa9c97c23c81ef72ffb207dcbf84963acf06",
                "2a405b0f37414b2a0b7d6e32e4eeb00cbbf28af5f9f365721779c79891bc8c9a",
                "0bd0923f0b8e1746ecb439c15e2817f55953ef24804531629e861c8ca70d0228",
                "21c5a25f1790c10a3c6e4161d2932a69eb7584d6e2272a16c669740a533b9dc3",
                "f91d4e1fe87e504a9f86731f0f8acdbeea446fa794503de0a86ad6f34f38d811",
                "d581d4c8de2d54fc11204b256510c9f56ea3fd4bee8fb075525fdc74cc4b1e36",
                "be630820d166142130b9f0fa31dbd1b534cbb7462b28be2ffa4d8e74f0209ad7",
                "2130901fa7388e7fd4b91e67cc8aa11c9531e349ced4c8c10e9111a858dec563",
                "c0d6aacd026fbdf25a4127ba6ead57ee462bc1baff66fda61574730d706cdab3",
                "89c834d42804e9fc565f1818ee86290957556725bb6572873f6f8a7914433d4d",
                "087d137a0650b3918ba30e213d459c4b57f92b3643dc6ea4384b2c995252f761",
                "b169f00b36f4544ef1a5c4b31d8837ae640895b4646733e883deab9881728d3f",
                "dc09a7feea4d5ac32285e2dd5b54ced70d2ff6a2693b8daa3c4ed1ae93f3d427",
                "8930f1db38a8a1e3805fce08ef1165dfcb425c0e3defa636c09baa4a371927e0",
                "b97f73bbd02d24aba83207f3aadd208c5e6455662ebc1e39f3f8d1429e12ef2a",
                "0d21420c1012e2feb99fe9a11c3c9d6279aaf9b155e8b1640f962c4e992e74fd",
                "35d01a6748f43657d9636b11799adcda66241f2314c962e87521786a564b9d18",
                "4690125a1f8638f25c7be5927187e71c5279180ba81b0a06510702ab3fa70d0c",
                "7ce952b7d6c5b35ebc02691889cd628f95fddc0b76eefe0fa215d9578b31bf32",
                "cbf67d4a8e3c27037ada6c617a0df4126fd4508b36f0dfde172367e3730f7989",
                "c95f3e4eaa4e2ccea622ecaec8ce1929e3d682ba0a63de2e566f9b6bb6b4bf20",
                "4762426049cc5d3c1392b74a63605c6c069637dc5f30e468e61222d94a8c1523",
                "734f30947d3515d3efe42bc0e39254d8cb1718fc867bb9907fbb47b6b3a0cc6b",
                "fcdf258d378feead1619b19db2f1bdf3c3bca56ac2580da734c9ff565551113b",
                "725e0d03660183558270f3ad398ba8b00c77f06b003683e2baf3c08d939843c2",
                "5f742ed2c34b87ad209609fad8126ce0fe60fd93a7120c7afd77c1d128aad551",
                "b2894ec35955c4cae8724335f5a28ae6328410314f8d614c275010f0a8c513c2",
                "6609c605eb33dc27b4feb7b4209c1ba38ffb2608d7dba90319168b2b163d2836",
                "71e5ec200db71a104840ef1c41636b5d428640fd42a8ae9399e1eda3c251d0b7",
                "a713822afc7347937cba32a6f12e74a842cf5d4ef9ba299c9d5af6a6cff55688",
                "7162c2b5ed9d30f7d77de2c845181cae8304e641a82d6f2680dc75c08116e2e8",
                "bad533919d12318dca4aed46df2c6b141d5013b9b6401aead75dde53afd5f549",
                "76b31ea463baae83ec016f4a62206e933b8deb1707fabd48e17d09505b6279e1",
                "cba96ce5f806cc1a4f48295192b09c6ccf15682cb3b0c4011cb64eb1b7c8ce42",
                "841d5beb685848c54e704593d4e4754ab5fe82307404ce38cc6776f8a76d5053",
                "828a9b0b4e8565f9d8965a521b430170494d83b25b6d81a045f19f2080bebb93",
                "39fafd123cd53cfb042106cd9f226d3102e9440adba74429da4299f66e725690",
                "dc3dc54cd3e29878806e170a7408906ee9bdc3eaed97001662b1b32cd4bfcf97",
                "45478937f97f273e3fa51d52f10b97684e6f82fee3f527df2e9c319cdc40aa6a",
                "fd81df983456d218dc31bf6e72ee372db589fedaefa5dfa82dc89f6a78b23d9b",
                "035d3176e23e7dace92f152bed0d78e0ae4102e42e3d676e908f5dea45b2680e",
                "050b0a073c82ed0346a478badc62599773ffb7f68ef5669f44b7688644abf9a1",
                "e9cda0856d74acddb473ba58a3e9b3f04b094b02f06ef4fa6557db90ee96308d",
                "7f715ebb2afa50603c6090796af8a68f8752b6e370907c7588540e44a7b4096a",
                "9a7194db581e5709282b0dc91ce4bfdfdf7c1494d84762bf25b08ba33d328826",
                "b8baf70cb2c162d03d0ee73cb2a96e8f367bad0c7f5cb1234897dda96fa7c35f",
                "d36ffa0cb5b39edf4d60b0b8e732e40ceca98825184dab28eb038ecfc5403041",
                "52d67ccca4539820245d72bc3aecd79bdceba8800f812cf9e6578f47ce7e7820",
                "d150a6cc9b72f9dafe5e404551e8e1e7e3d08fc9e777dffa410351a9c5226cf5",
                "173e3293cd1b553bc600b0afec4ee8c954439d83af0d8764d4202602363ba568",
                "251caa0b728e675bac51e58a1666ababec47f90705f9de583264ccf4e92657ce",
                "9adebedc24272adfcdc5c873b6dddaf3cd1101ddbc3e93d8677cf4489324d174",
                "cc8c92b641e59bd95442a5ce4fddb2a9b50b6a0b2650256677b889597dc62a87",
                "0f7a5073860c1b3e7414585d7f3dfa6a1af31bec0331b32569b6d93da36980db",
                "b22215120f0df4879b2f04f1dee0da8cbff8e6fff6baf649354dab439277bc7c",
                "f46dcea24b438b42361bf38139f5b9283560a84989c407d626edf7ad902fe14f",
                "0ea50055b431c34a7a18759265466f7d8da7d7c27351d1507cb0d37b33ef4610",
                "58fca4b6ea6085071963e26858019028081c2db4012fecf14a35a14efc17d2ec",
                "0f635fea0b64e0b3567b30fd6a31c948e1f0906b6700349351f0cd0df978a638",
                "e69d2147b6550f554095ab14f0c76f0d7288edb92f8f7d273e168a5ba0f6b02d",
                "3be7ff3d847f4e2542e05b989438c77bec1fc58c5d2940badfb52e3a8c49c4e5",
                "51fb1814b1af9d6973a32c38ca7b6c3bdd45914544e2db76bfcb2abaab46ed1a",
                "bb51b88521f95f31a1631d6edbc29de4ac5073c52dac6eec16d1bfc10cd67222",
                "22a5749f9d602046cf9d663d0e9beb62e921db8d31aadeb606d4266debf6c8a7",
                "16994f7fa4ef62c4ca178bbb9acda61b717cf4be268c3a7ea318033dac5a44b3",
                "82eac5176a8ce4487534ff5c26e39fe247f39f67d53cf4def2223a391c593219",
                "43d8532fbe02505f80b8d6e0b05c9607e37ecffa525c4f798069b460f13fcfa3",
                "dd265c222b51210baf4823a59b43f9c09096540afe153a0f29dafbc5c0377c2c",
                "694661bced81670c3582c75b58f016b38cd48f77f13ab3cb9918760ffbbaee73",
                "923c14010c90c0a6c27fa49d87ee0c7a04c8246ebe10692e76a95baffdf5d07b",
                "bef3785b99f965f83be3451174b6f806eab5cfb16f4234100edfe637fd0403c7",
                "a9af529da4b9884735d8e7a99f0471744bdf73877c52a4105681628954eac2f2",
                "708ca63a3622e32adb831c32d46698ed26b855a67b7bbf5d1e0256faa143160a",
                "2f9783c1b2a537fe1ba9eb520c2235bf3af7d508f21ff0ea838040d72a3d04f7",
                "a6c135288c8e60d0017f54b0c6947360341b2a5a5140aa5c8dd9eaa36592786f",
                "4a8a9294dfd7de8d206cc3b9b08222301d0f1d7e3f434dac090a8456de31e2e4",
                "e74aa175ec7b26dce90efd15c5c83fd285018e791317878fe2bb87204bba8d08",
                "648632f3e29f46180cb6db0b87bc0d289a39bf1da4f097bad19dad9abc031b90",
                "bdbd174b1a3f7049ca149850643d902cb2e84e2645536542f70fd6e72f63ca32",
