{
    "domain": "76655f963b.com",
    "owner": {},
    "source": [
        "DuckDuckGo-NL"
    ],
    "prevalence": 0.00261,
    "sites": 26,
    "subdomains": [
        "63d145a6df",
        "f6b23289ed"
    ],
    "cnames": [],
    "fingerprinting": 0,
    "resources": [
        {
            "rule": "76655f963b\\.com\\/in\\/multy",
            "cookies": 0,
            "fingerprinting": 0,
            "subdomains": [
                "63d145a6df"
            ],
            "apis": {},
            "sites": 26,
            "prevalence": 0.00261,
            "cnames": [],
            "responseHashes": [
                "15e71705dfe63c47b954342a8fb6706fd866194f1aabd2d6420cf083c655d3ba",
                "40397d6ed9f9e878ada2eea2088e269f4a5cb427729d8df8b9f1b6710b108c70",
                "9cc71351d4bc32d551751075012a9b9645a76402efaad17c55af6d60734fa6b3",
                "22eccdd5b07c70091674ef76319a0ca030a3eccdd851313ce82494042c8ad0e5",
                "ea60272399535e5332db33d55bf83007910094eb5c7f1c6f7236a780527d411c",
                "d09c186cba3a47d2f0d9714afe7cad744c5fc4964e496ae1075c22df52b306a1",
                "a7f15193a77b13b3de520e9c692f116cb9e4f893b91e54ca58b98fe88b8afc81",
                "3420a5e0ebaadb007003edc7050b59708a6921bf9b9f64bf97d54f94b9ddc4e6",
                "ce40c816813f2ba391f0ff454d2b3e07390d486c13f078d7b1bb01c7eefd92e9",
                "680d79c3c47b12393c0817f3dd54257fd7f2335536e68742365bc9a394049cdf",
                "0f0586ddf0a8b9f75e1a1e7cc854b66cefff32d9a3bcda535d25f90af113731c",
                "e52af35f4d329135171009f5232a7418c78e6f7fb9abad2bfb0de5215d3c06cc",
                "1e5526ec1996e356b74872999443eec6ef166539aff30dcfdb5fd02dbe1d0c7b",
                "2cbba713260f321515596570083018a5bf2f6fb0a529b18fc831d4ec44a42885",
                "b5c5d15a6e2191e2bec22607d8ae4779d8d4ad43267577c71976f5ffca7cb894",
                "6e60822ae3da7ca2436734ce9dedb2f5d1593d9b8c6ddc15964b71d8cc5ea769",
                "fd32459fe8c5f89c78029250a2416ec937dc98309bf71fcfe1b69129395bd18c",
                "a13985f9d1ee6e5e40354c93444a850567ca59c0d190e6e449ef88dc00b5b16f",
                "9c2d2859ee0b90fa71da2a522e07788b1808f6004b0afc59303f9f0693827375",
                "7cd0369d1bf16e8bbf24fa1e4b4396e1e52d0b9b01ba33f697a1ff8f754538b5",
                "d0d559fa0c47fc842b87f08fc1ea5bea7234edf360687f031e7ef2aa9c853985",
                "6bccfcf9881b7aa47ea0a1583a527d591bde07b56ca0955346bfdd7fda18eb11",
                "c6a3bec6bd33c869d15ec8803af0c12b830831bf7810cfaa1943216fe2bb20c4"
            ],
            "type": "XHR",
            "firstPartyCookies": {},
            "firstPartyCookiesSent": {},
            "exampleSites": [
                "thepiratebay.org",
                "myscatporn.com",
                "tube.perverzija.com",
                "nudist-movies.top",
                "bestgore.fun",
                "chaturflix.cam",
                "pornovideoshub.com",
                "sextb.net",
                "www.perverttube.com",
                "hdporn92.net",
                "starsessions.sbs",
                "femdom-joi.com",
                "goresee.com",
                "hotfapy.com",
                "www.leaktape.com",
                "extremescatporn.com",
                "www.voyeur-house.life",
                "hitomi.la",
                "javhub.net",
                "femefun.com"
            ]
        },
        {
            "rule": "76655f963b\\.com\\/in\\/multy",
            "cookies": 0,
            "fingerprinting": 0,
            "subdomains": [
                "63d145a6df"
            ],
            "apis": {},
            "sites": 24,
            "prevalence": 0.00241,
            "cnames": [],
            "responseHashes": [],
            "type": "Preflight",
            "firstPartyCookies": {},
            "firstPartyCookiesSent": {},
            "exampleSites": [
                "thepiratebay.org",
                "femdom-joi.com",
                "javhub.net",
                "goresee.com",
                "hdporn92.net",
                "myscatporn.com",
                "tube.perverzija.com",
                "sextb.net",
                "www.voyeur-house.life",
                "nudist-movies.top",
                "mangaforfree.net",
                "thisisgore.com",
                "extremescatporn.com",
                "pornovideoshub.com",
                "thefap.net",
                "hitomi.la",
                "bestgore.fun",
                "highporn.net",
                "xgore.net",
                "starsessions.sbs"
            ]
        },
        {
            "rule": "76655f963b\\.com\\/in\\/show\\/",
            "cookies": 0,
            "fingerprinting": 0,
            "subdomains": [
                "63d145a6df",
                "f6b23289ed"
            ],
            "apis": {},
            "sites": 22,
            "prevalence": 0.00221,
            "cnames": [],
            "responseHashes": [
                "e3b0c44298fc1c149afbf4c8996fb92427ae41e4649b934ca495991b7852b855"
            ],
            "type": "Image",
            "firstPartyCookies": {},
            "firstPartyCookiesSent": {},
            "exampleSites": [
                "pornovideoshub.com",
                "mangaforfree.net",
                "highporn.net",
                "www.voyeur-house.life",
                "www.xmegadrive.com",
                "javhub.net",
                "myscatporn.com",
                "hdporn92.net",
                "www.perverttube.com",
                "xgore.net",
                "femdom-joi.com",
                "thisisgore.com",
                "bestgore.fun",
                "hitomi.la",
                "thefap.net",
                "goresee.com",
                "nudist-movies.top",
                "extremescatporn.com",
                "tube.perverzija.com",
                "starsessions.sbs"
            ]
        },
        {
            "rule": "76655f963b\\.com\\/in\\/multy",
            "cookies": 0,
            "fingerprinting": 0,
            "subdomains": [
                "63d145a6df"
            ],
            "apis": {},
            "sites": 2,
            "prevalence": 0.000201,
            "cnames": [],
            "responseHashes": [],
            "type": "Other",
            "firstPartyCookies": {},
            "firstPartyCookiesSent": {},
            "exampleSites": [
                "hotfapy.com",
                "www.leaktape.com"
            ]
        }
    ],
    "categories": [],
    "performance": {},
    "cookies": 0,
    "topInitiators": [
        {
            "domain": "ee625e4b1d.com",
            "prevalence": 0.6931818181818182
        },
        {
            "domain": "wpushsdk.com",
            "prevalence": 0.2840909090909091
        },
        {
            "domain": "first party",
            "prevalence": 0.022727272727272728
        }
    ],
    "types": {
        "XHR": 26,
        "Preflight": 24,
        "Image": 22,
        "Other": 2
    },
    "nameservers": [
        "dns2.infrapu.sh",
        "dns1.infrapu.sh"
    ]
}